date,location,total_cases,total_deaths
2022/1/21,United States,70209840,864556
2022/1/21,India,38903731,488884
2022/1/21,Brazil,23766499,622875
2022/1/21,France,16052999,128413
2022/1/21,United Kingdom,15747291,153616
2022/1/21,Turkey,10808770,85600
2022/1/21,Russia,10804032,318200
2022/1/21,Africa,10522979,235050
2022/1/21,Italy,9603856,142963
2022/1/21,Spain,8975458,91741
2022/1/21,Germany,8635461,116668
2022/1/21,Argentina,7694506,118969
2022/1/21,Iran,6241843,132172
2022/1/21,Colombia,5686065,131824
2022/1/21,Mexico,4595589,302721
2022/1/21,Poland,4443217,103626
2022/1/21,Indonesia,4280248,144201
2022/1/21,Ukraine,4003280,105545
2022/1/21,Netherlands,3787274,21277
2022/1/21,South Africa,3576379,93949
2022/1/21,Philippines,3357083,53309
2022/1/21,Canada,2877590,32217
2022/1/21,Peru,2839519,203994
2022/1/21,Malaysia,2824973,31869
2022/1/21,Czechia,2705754,36997
2022/1/21,Belgium,2697239,28780
2022/1/21,Thailand,2369814,22019
2022/1/21,Oceania,2305985,5385
2022/1/21,Israel,2168009,8371
2022/1/21,Iraq,2144422,24277
2022/1/21,Australia,2129688,3043
2022/1/21,Portugal,2118125,19496
2022/1/21,Vietnam,2110737,36443
2022/1/21,Japan,2071471,18476
2022/1/21,Romania,1983670,59477
2022/1/21,Chile,1934204,39474
2022/1/21,Switzerland,1879319,12579
2022/1/21,Sweden,1784005,15674
2022/1/21,Greece,1762870,22476
2022/1/21,Low income,1740658,39795
2022/1/21,Bangladesh,1664616,28192
2022/1/21,Austria,1530919,13956
2022/1/21,Serbia,1518024,13211
2022/1/21,Slovakia,1447067,17577
2022/1/21,Hungary,1401457,40822
2022/1/21,Pakistan,1360019,29077
2022/1/21,Denmark,1319695,3571
2022/1/21,Kazakhstan,1217538,18357
2022/1/21,Ireland,1134548,6087
2022/1/21,Jordan,1129995,13049
2022/1/21,Morocco,1086340,15082
2022/1/21,Georgia,1030710,14631
2022/1/21,Cuba,1015203,8353
2022/1/21,Nepal,896584,11635
2022/1/21,Bulgaria,870751,32604
2022/1/21,Croatia,859264,13335
2022/1/21,Lebanon,853252,9460
2022/1/21,Tunisia,826838,25912
2022/1/21,United Arab Emirates,819866,2207
2022/1/21,Bolivia,804677,20570
2022/1/21,South Korea,726274,6529
2022/1/21,Belarus,722939,5899
2022/1/21,Guatemala,666017,16245
2022/1/21,Ecuador,658045,34279
2022/1/21,Costa Rica,643496,7451
2022/1/21,Saudi Arabia,643211,8916
2022/1/21,Azerbaijan,630420,8581
2022/1/21,Panama,626890,7574
2022/1/21,Sri Lanka,600203,15272
2022/1/21,Norway,596613,1414
2022/1/21,Lithuania,595685,7727
2022/1/21,Slovenia,579480,5743
2022/1/21,Uruguay,569037,6284
2022/1/21,Myanmar,533815,19308
2022/1/21,Dominican Republic,530998,4279
2022/1/21,Paraguay,516555,16887
2022/1/21,Kuwait,488959,2483
2022/1/21,Palestine,480583,5042
2022/1/21,Venezuela,465463,5399
2022/1/21,Ethiopia,461252,7226
2022/1/21,Mongolia,423495,2093
2022/1/21,Egypt,406926,22289
2022/1/21,Moldova,404556,10501
2022/1/21,Libya,403144,5907
2022/1/21,Honduras,387515,10468
2022/1/21,Finland,371135,1724
2022/1/21,Armenia,349957,8026
2022/1/21,Bosnia and Herzegovina,329569,13984
2022/1/21,Latvia,324999,4773
2022/1/21,Bahrain,324304,1398
2022/1/21,Kenya,319838,5528
2022/1/21,Oman,318272,4125
2022/1/21,Qatar,317277,632
2022/1/21,Singapore,307813,846
2022/1/21,Zambia,300587,3885
2022/1/21,Estonia,282977,1999
2022/1/21,North Macedonia,252947,8177
2022/1/21,Nigeria,251930,3124
2022/1/21,Albania,244182,3292
2022/1/21,Botswana,243946,2544
2022/1/21,Cyprus,235364,700
2022/1/21,Algeria,232325,6468
2022/1/21,Zimbabwe,227961,5288
2022/1/21,Mozambique,221975,2149
2022/1/21,Montenegro,210931,2505
2022/1/21,Uzbekistan,210899,1532
2022/1/21,Kyrgyzstan,193816,2843
2022/1/21,Kosovo,175283,2997
2022/1/21,Uganda,159807,3463
2022/1/21,Afghanistan,159516,7390
2022/1/21,Namibia,155027,3902
2022/1/21,Ghana,154891,1357
2022/1/21,Luxembourg,137570,943
2022/1/21,Laos,128924,518
2022/1/21,Rwanda,127655,1428
2022/1/21,El Salvador,127012,3847
2022/1/21,Cambodia,120956,3015
2022/1/21,Jamaica,117717,2568
2022/1/21,Cameroon,114113,1867
2022/1/21,Maldives,112628,269
2022/1/21,China,105547,4636
2022/1/21,Trinidad and Tobago,105264,3278
2022/1/21,Angola,95676,1884
2022/1/21,Democratic Republic of Congo,84283,1278
2022/1/21,Senegal,83855,1921
2022/1/21,Malawi,83565,2507
2022/1/21,Cote d'Ivoire,79814,771
2022/1/21,Suriname,69275,1231
2022/1/21,Eswatini,68047,1366
2022/1/21,Malta,65311,521
2022/1/21,Fiji,60931,768
2022/1/21,Mauritania,56946,920
2022/1/21,Madagascar,55827,1169
2022/1/21,Guyana,55628,1122
2022/1/21,Cape Verde,55178,383
2022/1/21,Iceland,54579,44
2022/1/21,Sudan,53959,3393
2022/1/21,Syria,50902,2962
2022/1/21,French Polynesia,47470,636
2022/1/21,Gabon,45909,300
2022/1/21,Belize,45753,616
2022/1/21,Barbados,38171,274
2022/1/21,Burundi,36868,38
2022/1/21,Papua New Guinea,36446,596
2022/1/21,Togo,36176,266
2022/1/21,Guinea,35719,410
2022/1/21,Curacao,35617,211
2022/1/21,Seychelles,34367,143
2022/1/21,Andorra,33025,144
2022/1/21,Tanzania,32393,753
2022/1/21,Aruba,32056,187
2022/1/21,Bahamas,31915,726
2022/1/21,Lesotho,31899,690
2022/1/21,Mali,29430,704
2022/1/21,Haiti,28250,780
2022/1/21,Benin,26309,163
2022/1/21,Mauritius,24903,240
2022/1/21,Somalia,24322,1335
2022/1/21,Congo,23380,371
2022/1/21,Burkina Faso,20435,353
2022/1/21,Isle of Man,20425,70
2022/1/21,Timor,19866,122
2022/1/21,Saint Lucia,18746,316
2022/1/21,Taiwan,18109,851
2022/1/21,Nicaragua,17604,219
2022/1/21,Tajikistan,17493,125
2022/1/21,South Sudan,16653,137
2022/1/21,Brunei,16066,98
2022/1/21,Equatorial Guinea,15558,179
2022/1/21,New Zealand,15479,52
2022/1/21,Djibouti,15250,189
2022/1/21,New Caledonia,15195,282
2022/1/21,Central African Republic,13509,109
2022/1/21,Faeroe Islands,13207,15
2022/1/21,Hong Kong,12918,213
2022/1/21,Cayman Islands,12023,15
2022/1/21,Gambia,11572,347
2022/1/21,Gibraltar,11557,100
2022/1/21,San Marino,11466,107
2022/1/21,Grenada,10960,205
2022/1/21,Yemen,10585,1995
2022/1/21,Bermuda,9766,112
2022/1/21,Greenland,9407,4
2022/1/21,Eritrea,9192,90
2022/1/21,Niger,8503,295
2022/1/21,Dominica,8421,49
2022/1/21,Comoros,7793,159
2022/1/21,Liechtenstein,7746,73
2022/1/21,Sierra Leone,7572,125
2022/1/21,Monaco,7304,45
2022/1/21,Guinea-Bissau,7284,153
2022/1/21,Liberia,7208,288
2022/1/21,Chad,6889,185
2022/1/21,Saint Vincent and the Grenadines,6615,90
2022/1/21,Bonaire Sint Eustatius and Saba,6180,27
2022/1/21,Antigua and Barbuda,5815,122
2022/1/21,Sao Tome and Principe,5798,68
2022/1/21,British Virgin Islands,5602,47
2022/1/21,Turks and Caicos Islands,5524,33
2022/1/21,Saint Kitts and Nevis,5190,28
2022/1/21,Bhutan,3458,3
2022/1/21,Anguilla,2187,7
2022/1/21,Summer Olympics 2020,865,
2022/1/21,International,721,15
2022/1/21,Saint Pierre and Miquelon,630,
2022/1/21,Wallis and Futuna,454,7
2022/1/21,Palau,208,
2022/1/21,Montserrat,152,1
2022/1/21,Falkland Islands,86,
2022/1/21,Solomon Islands,81,
2022/1/21,Macao,79,
2022/1/21,Vatican,29,
2022/1/21,Samoa,13,
2022/1/21,Marshall Islands,7,
2022/1/21,Vanuatu,7,1
2022/1/21,Saint Helena,4,
2022/1/21,Cook Islands,2,
2022/1/21,Kiribati,2,
2022/1/21,Micronesia (country),1,
2022/1/21,Tonga,1,
